experimentId,userName,targetScanStyle,targetClusterSize,scanIndex,timestampMs,deltaMs,elapsedMs,barcode
9c966049-e8f1-4625-924e-b6aaaf28a127,fors,compliant,5,0,1770842787192,,0,072879351095
9c966049-e8f1-4625-924e-b6aaaf28a127,fors,compliant,5,1,1770842787725,533,533,072879351095
9c966049-e8f1-4625-924e-b6aaaf28a127,fors,compliant,5,2,1770842788125,400,933,072879351095
9c966049-e8f1-4625-924e-b6aaaf28a127,fors,compliant,5,3,1770842788475,350,1283,072879351095
9c966049-e8f1-4625-924e-b6aaaf28a127,fors,compliant,5,4,1770842788758,283,1566,072879351095
9c966049-e8f1-4625-924e-b6aaaf28a127,fors,compliant,5,5,1770842790208,1450,3016,072879351095
9c966049-e8f1-4625-924e-b6aaaf28a127,fors,compliant,5,6,1770842790508,300,3316,072879351095
9c966049-e8f1-4625-924e-b6aaaf28a127,fors,compliant,5,7,1770842790792,284,3600,072879351095
9c966049-e8f1-4625-924e-b6aaaf28a127,fors,compliant,5,8,1770842791124,332,3932,072879351095
9c966049-e8f1-4625-924e-b6aaaf28a127,fors,compliant,5,9,1770842791325,201,4133,072879351095
9c966049-e8f1-4625-924e-b6aaaf28a127,fors,compliant,5,10,1770842792525,1200,5333,072879351095
9c966049-e8f1-4625-924e-b6aaaf28a127,fors,compliant,5,11,1770842792842,317,5650,072879351095
9c966049-e8f1-4625-924e-b6aaaf28a127,fors,compliant,5,12,1770842793208,366,6016,072879351095
9c966049-e8f1-4625-924e-b6aaaf28a127,fors,compliant,5,13,1770842793641,433,6449,072879351095
9c966049-e8f1-4625-924e-b6aaaf28a127,fors,compliant,5,14,1770842794641,1000,7449,072879351095
9c966049-e8f1-4625-924e-b6aaaf28a127,fors,compliant,5,15,1770842796142,1501,8950,072879351095
9c966049-e8f1-4625-924e-b6aaaf28a127,fors,compliant,5,16,1770842796525,383,9333,072879351095
9c966049-e8f1-4625-924e-b6aaaf28a127,fors,compliant,5,17,1770842797025,500,9833,072879351095
9c966049-e8f1-4625-924e-b6aaaf28a127,fors,compliant,5,18,1770842797291,266,10099,072879351095
9c966049-e8f1-4625-924e-b6aaaf28a127,fors,compliant,5,19,1770842797491,200,10299,072879351095
9c966049-e8f1-4625-924e-b6aaaf28a127,fors,compliant,5,20,1770842798859,1368,11667,072879351095
9c966049-e8f1-4625-924e-b6aaaf28a127,fors,compliant,5,21,1770842799275,416,12083,072879351095
9c966049-e8f1-4625-924e-b6aaaf28a127,fors,compliant,5,22,1770842799675,400,12483,072879351095
9c966049-e8f1-4625-924e-b6aaaf28a127,fors,compliant,5,23,1770842799925,250,12733,072879351095
9c966049-e8f1-4625-924e-b6aaaf28a127,fors,compliant,5,24,1770842800142,217,12950,072879351095
9c966049-e8f1-4625-924e-b6aaaf28a127,fors,compliant,5,25,1770842801558,1416,14366,072879351095
9c966049-e8f1-4625-924e-b6aaaf28a127,fors,compliant,5,26,1770842801808,250,14616,072879351095
9c966049-e8f1-4625-924e-b6aaaf28a127,fors,compliant,5,27,1770842802043,235,14851,072879351095
9c966049-e8f1-4625-924e-b6aaaf28a127,fors,compliant,5,28,1770842802292,249,15100,072879351095
9c966049-e8f1-4625-924e-b6aaaf28a127,fors,compliant,5,29,1770842802508,216,15316,072879351095
c41e91ce-0083-4c34-93cd-67cc490af8cd,fors,non_compliant,,0,1770842815258,,0,072879351095
c41e91ce-0083-4c34-93cd-67cc490af8cd,fors,non_compliant,,1,1770842815558,300,300,072879351095
c41e91ce-0083-4c34-93cd-67cc490af8cd,fors,non_compliant,,2,1770842815841,283,583,072879351095
c41e91ce-0083-4c34-93cd-67cc490af8cd,fors,non_compliant,,3,1770842816142,301,884,072879351095
c41e91ce-0083-4c34-93cd-67cc490af8cd,fors,non_compliant,,4,1770842816415,273,1157,072879351095
c41e91ce-0083-4c34-93cd-67cc490af8cd,fors,non_compliant,,5,1770842816675,260,1417,072879351095
c41e91ce-0083-4c34-93cd-67cc490af8cd,fors,non_compliant,,6,1770842816959,284,1701,072879351095
c41e91ce-0083-4c34-93cd-67cc490af8cd,fors,non_compliant,,7,1770842817209,250,1951,072879351095
c41e91ce-0083-4c34-93cd-67cc490af8cd,fors,non_compliant,,8,1770842817511,302,2253,072879351095
c41e91ce-0083-4c34-93cd-67cc490af8cd,fors,non_compliant,,9,1770842817758,247,2500,072879351095
c41e91ce-0083-4c34-93cd-67cc490af8cd,fors,non_compliant,,10,1770842818008,250,2750,072879351095
c41e91ce-0083-4c34-93cd-67cc490af8cd,fors,non_compliant,,11,1770842818209,201,2951,072879351095
c41e91ce-0083-4c34-93cd-67cc490af8cd,fors,non_compliant,,12,1770842818425,216,3167,072879351095
c41e91ce-0083-4c34-93cd-67cc490af8cd,fors,non_compliant,,13,1770842818626,201,3368,072879351095
c41e91ce-0083-4c34-93cd-67cc490af8cd,fors,non_compliant,,14,1770842818841,215,3583,072879351095
c41e91ce-0083-4c34-93cd-67cc490af8cd,fors,non_compliant,,15,1770842819041,200,3783,072879351095
c41e91ce-0083-4c34-93cd-67cc490af8cd,fors,non_compliant,,16,1770842819242,201,3984,072879351095
c41e91ce-0083-4c34-93cd-67cc490af8cd,fors,non_compliant,,17,1770842819458,216,4200,072879351095
c41e91ce-0083-4c34-93cd-67cc490af8cd,fors,non_compliant,,18,1770842820958,1500,5700,072879351095
c41e91ce-0083-4c34-93cd-67cc490af8cd,fors,non_compliant,,19,1770842821175,217,5917,072879351095
c41e91ce-0083-4c34-93cd-67cc490af8cd,fors,non_compliant,,20,1770842822325,1150,7067,072879351095
c41e91ce-0083-4c34-93cd-67cc490af8cd,fors,non_compliant,,21,1770842822576,251,7318,072879351095
c41e91ce-0083-4c34-93cd-67cc490af8cd,fors,non_compliant,,22,1770842822819,243,7561,072879351095
c41e91ce-0083-4c34-93cd-67cc490af8cd,fors,non_compliant,,23,1770842823091,272,7833,072879351095
c41e91ce-0083-4c34-93cd-67cc490af8cd,fors,non_compliant,,24,1770842823309,218,8051,072879351095
c41e91ce-0083-4c34-93cd-67cc490af8cd,fors,non_compliant,,25,1770842823601,292,8343,072879351095
c41e91ce-0083-4c34-93cd-67cc490af8cd,fors,non_compliant,,26,1770842823875,274,8617,072879351095
c41e91ce-0083-4c34-93cd-67cc490af8cd,fors,non_compliant,,27,1770842824108,233,8850,072879351095
c41e91ce-0083-4c34-93cd-67cc490af8cd,fors,non_compliant,,28,1770842824375,267,9117,072879351095
c41e91ce-0083-4c34-93cd-67cc490af8cd,fors,non_compliant,,29,1770842824625,250,9367,072879351095
c41e91ce-0083-4c34-93cd-67cc490af8cd,fors,non_compliant,,30,1770842824858,233,9600,072879351095
c41e91ce-0083-4c34-93cd-67cc490af8cd,fors,non_compliant,,31,1770842825125,267,9867,072879351095
c41e91ce-0083-4c34-93cd-67cc490af8cd,fors,non_compliant,,32,1770842825358,233,10100,072879351095
c41e91ce-0083-4c34-93cd-67cc490af8cd,fors,non_compliant,,33,1770842825608,250,10350,072879351095
c41e91ce-0083-4c34-93cd-67cc490af8cd,fors,non_compliant,,34,1770842825841,233,10583,072879351095